{"_runtime":891.546116855,"epoch":19,"val_accuracy":90.26845637583892,"best_val_accuracy":91.89189189189189,"_step":209,"test_loss":0.5231920696744983,"test_accuracy":90.26845637583892,"_timestamp":1.7301543343574412e+09,"train_loss":0.006358771584928036,"_wandb":{"runtime":891},"batch":70,"val_loss":0.5231920696744983}