{"_step":13,"_wandb":{"runtime":60},"train_loss":3.4121792316436768,"epoch":0,"_timestamp":1.7301754028626726e+09,"_runtime":59.918041985}