{"_wandb":{"runtime":122},"batch":20,"_timestamp":1.7301072162411401e+09,"_runtime":10.109486777,"_step":2,"train_loss":4.246481418609619,"epoch":0}