{"_wandb":{"runtime":11},"_runtime":9.497171011,"_step":4,"train_loss":4.224424362182617,"epoch":0,"batch":40,"_timestamp":1.7301073447108872e+09}