{"val_accuracy":65.43624161073825,"_wandb":{"runtime":2212},"_timestamp":1.730117948453243e+09,"test_loss":1.6728520233359112,"train_loss":1.1297454833984375,"epoch":49,"best_val_accuracy":71.62162162162163,"batch":70,"test_accuracy":65.43624161073825,"_step":541,"val_loss":1.6728520233359112,"_runtime":2212.428711405}